country,life_expect,life_exp60,adult_mortality,infant_mort,age1-4mort,alcohol,bmi,basic_water,pop_mils,development_index,gdp_per_capita,eco_footprint,biocapacity,deficit_or_reserve,pf_rol,pf_ss,pf_movement,pf_religion,pf_expression,pf_identity,pf_score,ef_government,ef_legal,ef_money,ef_trade,ef_regulation,ef_score,hf_score,happiness_score
Angola,62.63262,17.34829,237.9694,0.0579,0.00752,5.38006,23.3,55.08428000000001,20.82,0.52,4665.91,0.93,2.55,1.61,3.451813885,8.297864524,5.0,8.786666667,6.452380952,7.5,6.111324364,6.496684826,2.963635116,5.606605364,5.264754044,5.518500441,5.17,5.640662182,3.866
Burundi,60.09811,16.591260000000002,290.1858,0.05242,0.00645,3.88586,21.7,60.20415,9.85,0.39,276.69,0.8,0.32,-0.48,2.961469859,6.826708059,1.666666667,7.468518519,3.202380952,5.833333333,4.414134427,6.115441176,3.495487069,7.585470702,6.110770149,6.271879255,5.92,5.167067213,2.905
Benin,61.08568,17.20543,242.3741,0.06669,0.00939,1.46034,23.5,66.32024,10.05,0.48,746.83,1.41,0.88,-0.53,4.129479992,8.031187091,6.666666667,9.413333333,8.988095238,10.0,7.496976295,6.182574541,3.822761377,7.013885064,6.02654585,6.85592866,5.98,6.738488147,3.484
Burkina Faso,60.32101,15.48575,254.6027,0.055795,0.0086349999999999,7.10585,22.2,48.26772,16.46,0.39,671.07,1.21,0.98,-0.22,4.860574888,8.324656807,8.333333333,8.018888889,7.738095238,10.0,7.45533967,5.405461604,3.68765653,7.121433785,6.604145213,7.427553566,6.05,6.752669835,3.739
Botswana,66.05297,17.42258,249.2413,0.03256,0.0020399999999999,5.14197,24.3,89.40444000000001,2.0,0.69,7743.5,3.83,3.47,-0.35,5.641683932,7.161570546,8.333333333,9.008333333,7.8125,4.25,6.876334453,6.702037586,5.950516249,9.056783223,7.679525354,7.769776873,7.43,7.153167226,3.974
Tanzania,63.909130000000005,17.53598,260.6826,0.0414,0.00431,7.40868,23.2,54.84754,47.78,0.51,765.33,1.32,1.08,-0.24,4.244131053,7.349099273,8.333333333,6.447777778,7.5,5.0,6.126418693,7.314762736,5.659837689,8.221423469,6.2063089,7.208976699,6.92,6.523209346,3.666
Uganda,62.49541,17.124679999999998,287.9427,0.0396899999999999,0.004115,12.10029,22.5,47.66563,36.35,0.48,601.35,1.24,0.59,-0.66,3.363040892,7.002780033,8.333333333,8.398148148,7.892857143,3.75,6.128889094,8.2875,4.730399908,8.647257101,7.453716468,7.952857152,7.41,6.769444547,3.739
South Africa,63.59951,16.57789,301.3036,0.03459,0.002345,7.303269999999999,27.3,92.27031,52.39,0.66,8089.87,3.31,1.15,-2.16,5.728137568,6.0446062,10.0,9.364814815,8.904761905,9.25,7.695143614,6.04383421,5.185801311,8.08193844,6.777461423,7.1682772,6.65,7.172571807,4.459
Zambia,62.32869,17.51484,286.3146,0.045515,0.00522,3.85421,22.6,59.23856,14.08,0.58,1740.64,0.99,2.23,1.24,4.115583727,8.282496424,5.0,7.332777778,6.765986103,4.166666667,6.007698856,6.064705882,5.333995633,8.262900908,6.97224652,6.412301094,6.61,6.308849428,4.795
Zimbabwe,61.44675,17.47945,333.9667,0.040825,0.00427,3.45813,23.8,64.51162,13.72,0.49,865.91,1.37,0.62,-0.75,3.507598954,7.610858901,5.0,6.427777778,6.65,3.333333333,5.170725575,6.146323529,3.750569595,8.298249478,5.56135516,6.547778391,6.06,5.615362787,4.193
Chad,54.25685,15.91514,359.7015,0.0808099999999999,0.014615,0.50193,21.9,38.85259,12.45,0.39,1161.22,1.46,2.03,0.57,2.900352865,6.264732049,8.333333333,8.158888889,7.523809524,1.666666667,5.50954107,7.729564033,2.663232022,6.726054551,5.121255567,4.953382356,5.44,5.474770535,3.763
Togo,60.610980000000005,15.25292,265.3151,0.053375,0.00669,1.26159,23.6,64.02144,6.64,0.47,580.86,1.13,0.53,-0.6,4.083063827,8.033344298,6.666666667,8.877407407,8.464285714,5.0,6.72993801,6.71990382,3.675637715,7.027928927,5.419145767,6.27724085,5.82,6.274969005,3.303
Namibia,63.67717,16.73161,295.8852,0.031925,0.003295,4.3259,24.2,82.21806,2.26,0.62,5880.8,2.48,6.88,4.4,5.796621702,6.992669937,10.0,8.725925926,8.25,8.0,7.394915502,5.284715285,6.437481728,6.141285904,6.355514643,7.757162078,6.4,6.897457751,4.574
Niger,59.82668,16.1868,250.1592,0.053865,0.0110599999999999,0.13217,21.8,49.50156,17.16,0.34,410.91,1.56,1.24,-0.32,4.150643838,6.914378347,6.666666667,7.804074074,5.345238095,4.166666667,5.714520097,6.844368088,3.659423094,7.016807914,5.485204757,7.058349425,6.01,5.862260048,3.856
Nigeria,55.19205,13.93325,352.469,0.070435,0.010275,7.81502,23.2,70.02553,168.83,0.5,2612.12,1.16,0.7,-0.47,4.327010052,5.166301919,6.666666667,7.327777778,8.175114352,3.333333333,5.823617206,7.086182942,3.603779382,7.46087942,5.90423347,7.56483519,6.32,6.071808603,4.875
Rwanda,68.03925,18.4912,198.2996,0.03073,0.002445,7.08615,22.1,56.98161999999999,11.46,0.48,628.08,0.87,0.54,-0.32,5.282069945,8.534642873,6.666666667,6.04037037,6.261904762,9.166666667,6.467739051,5.716995447,7.164967817,9.345718853,7.015027267,8.163310486,7.48,6.973869526,3.515
Senegal,66.77169,16.88008,185.1502,0.034425,0.00351,0.30068,23.0,79.46231999999999,13.73,0.46,1079.27,1.21,1.05,-0.16,4.682384661,7.83881086,6.666666667,9.022222222,8.25,2.5,6.774187769,6.830535435,4.252700728,7.198889674,6.665037837,6.152968394,6.22,6.497093885,4.219
Sierra Leone,53.1305,13.34951,388.8057,0.0908,0.0084599999999999,3.49095,22.7,59.56314,5.98,0.4,499.89,1.24,1.24,0.0,3.925095991,8.068540618,8.333333333,8.453333333,7.25,8.333333333,7.044659152,7.017647059,3.993543765,6.943524415,6.057269406,4.719437962,5.75,6.397329576,4.635
Madagascar,66.08802,17.06002,215.5435,0.03514,0.003245,0.8887799999999999,21.3,53.18465,22.29,0.51,456.33,0.99,2.63,1.64,3.613214977,8.201458953,10.0,7.540740741,8.273809524,7.5,6.835123509,7.701839237,2.789804983,7.895528282,6.704622081,5.834452003,6.19,6.512561755,3.695
Mali,57.95288000000001,15.379229999999998,269.6224,0.07332,0.011805,0.58272,23.0,76.58435,14.85,0.41,741.22,1.53,1.58,0.05,3.930245651,5.391779112,8.333333333,8.601851852,7.869047619,5.0,6.060929471,4.943583748,3.458599238,7.2042189,6.874991085,6.531318665,5.8,5.930464736,4.073
Mauritania,63.94022,16.53675,202.3809,0.056945,0.007245,0.00091,24.9,68.83202,3.8,0.5,1524.39,2.54,4.48,1.93,3.93386056,5.818886343,8.333333333,5.661111111,6.001186054,0.0,4.987749776,5.329411765,3.72380883,8.099707313,5.939447829,6.712624203,5.96,5.473874888,4.201
Mauritius,74.82426,20.72969,145.3546,0.01091,0.000575,3.06898,25.2,99.86639,1.24,0.77,8811.15,3.46,0.71,-2.75,6.446820269,9.201518449,6.666666667,8.03,9.357142857,5.0,7.717465632,7.510213253,6.764334254,9.587632401,8.425298409,7.747574312,8.01,7.863732816,5.648
Malawi,64.17274,17.38159,254.7219,0.042975,0.00439,2.0043,22.9,67.91184,15.91,0.43,493.84,0.81,0.66,-0.15,4.922643465,8.768905416,8.333333333,8.532777778,7.8125,7.5,7.445213609,6.058152642,4.673626155,6.723936391,6.076899619,5.759673978,5.86,6.652606805,4.156
Kenya,66.67854,18.62585,219.2986,0.03763,0.003575,1.63021,23.3,58.28035,43.18,0.54,1062.11,1.03,0.51,-0.52,3.953814707,7.142406129,6.666666667,7.214814815,8.333333333,7.5,6.44553669,7.821194755,4.913284598,9.21911917,6.685544813,7.364484937,7.2,6.822768345,4.356
Liberia,62.94294,15.78716,230.2532,0.05367,0.004325,3.53465,24.1,72.44901,4.19,0.42,397.38,1.21,2.57,1.35,3.786012471,8.202872283,6.666666667,9.207777778,7.208333333,4.166666667,6.403401744,7.364113374,4.186922888,9.362209474,6.188037156,5.696074829,6.56,6.481700872,3.622
Algeria,76.36365,21.9201,95.02545,0.02183,0.000905,0.59923,25.5,93.51585,38.48,0.73,5430.57,2.12,0.59,-1.53,3.819566026,8.043882199,5.0,4.944814815,7.380952381,0.833333333,5.281772109,3.616782254,4.690742835,7.253893581,4.127024824,5.268992397,4.99,5.135886055,6.355
Ethiopia,65.51109,18.13198,219.473,0.041555,0.00456,0.85709,20.6,40.04142,91.73,0.43,379.38,1.02,0.58,-0.44,3.302472672,6.698471607,6.666666667,5.552222222,5.252983157,6.666666667,5.064089941,6.57126919,4.644365028,5.732983571,5.056479414,6.645060594,5.73,5.397044971,4.508
Gabon,66.4489,18.31454,220.698,0.034585,0.0033799999999999,7.49607,25.2,85.62704000000001,1.63,0.67,11989.0,2.02,26.31,24.29,4.241028336,8.038732871,0.0,8.944444444,6.178571429,3.333333333,5.315575222,6.244963135,3.902531341,6.589812995,5.691934877,6.785844584,5.84,5.577787611,4.121
Ghana,63.44865,15.73683,241.2761,0.04228,0.00461,1.61959,23.9,80.43578000000001,25.37,0.57,1627.9,1.97,1.35,-0.62,5.747291576,9.008827092,10.0,8.081481481,8.75,7.5,7.872177815,7.019694663,5.356873168,6.972844492,6.49437524,7.150996088,6.6,7.236088908,4.276
Guinea,59.79942,15.29844,262.1077,0.06168,0.008395,0.34704,22.9,62.10819,11.45,0.41,459.09,1.41,2.09,0.68,3.120741098,7.032707727,3.333333333,8.54037037,5.788023635,1.666666667,5.371201607,6.54621401,3.227979181,7.944894022,5.07677247,6.875425102,5.93,5.650600803,3.607
Cameroon,58.06432,16.47642,341.3811,0.055775,0.007285,4.145580000000001,24.3,60.15572,21.7,0.5,1271.21,1.17,1.69,0.52,3.02691825,6.806230146,3.333333333,7.892962963,6.998575821,5.0,5.330774311,7.11162798,3.19956054,7.222024204,5.054770561,6.53004744,5.82,5.575387155,4.513
DR Congo,60.45245,16.91316,256.1018,0.075845,0.006085,0.6120800000000001,22.0,42.97677,65.7,0.42,338.63,0.82,3.07,2.25,2.603961178,6.245351819,1.666666667,8.509444444,6.703317185,5.0,4.947256786,7.131719827,2.629004551,7.345706139,5.509702341,5.748786109,5.67,5.308628393,4.272
Congo Republic,64.30374,17.6451,260.5036,0.04004,0.00411,5.86494,23.2,72.18665,4.34,0.57,1943.69,1.29,10.91,9.63,3.512352174,7.344832886,6.666666667,9.35,6.952380952,9.166666667,6.777867694,5.833377341,3.244860837,5.603963678,4.883224787,5.551182245,5.02,5.898933847,4.236
Argentina,76.94621,21.83528,111.4288,0.009855,0.0003,8.31052,27.7,99.07838,41.09,0.83,13540.0,3.14,6.92,3.78,5.744791027,9.040383237,10.0,7.795925926,8.738095238,10.0,8.099695682,5.346056135,3.904030401,5.614335974,3.982546906,5.369018774,4.84,6.469847841,6.65
United States,78.49759,23.31899,114.1238,0.0058649999999999,0.0002299999999999,8.8569,28.9,99.26371,317.5,0.91,49725.0,8.22,3.76,-4.46,6.949911658,9.101098169,10.0,8.854074074,9.241503522,9.25,8.747310216,6.426333682,7.396209007,9.84787425,7.653328354,8.827599714,8.03,8.388655108,7.104
Venezuela,74.05354,21.58961,156.7178,0.01411,0.00058,3.98964,26.7,95.77837,29.96,0.763846,10237.8,3.57,2.78,-0.79,2.060257402,6.294475638,8.333333333,6.884814815,5.109508378,7.5,5.521448913,4.68978402,2.00291539,1.942101065,3.281311445,2.483540144,2.88,4.200724456,6.084
Paraguay,74.19203,21.24912,145.5476,0.01782,0.000755,5.84504,26.7,98.56575,6.69,0.67,3557.31,4.16,10.52,6.36,4.108065759,7.834983075,8.333333333,8.174074074,8.380952381,7.5,6.974598187,8.184618864,3.840887889,9.28268472,7.28151234,6.144909202,6.95,6.962299094,5.538
El Salvador,73.67954,21.85309,176.8166,0.013175,0.00054,2.639,27.7,97.06386,6.3,0.66,3696.33,2.07,0.61,-1.46,4.355099989,6.5,10.0,9.088888889,7.452380952,7.5,6.917901981,8.429051699,3.576272354,9.808378599,7.678362506,6.243651346,7.15,7.033950991,6.068
Suriname,71.80816999999999,19.23344,180.4631,0.0178499999999999,0.0005449999999999,4.40653,26.5,94.5194,0.54,0.71,8190.7,4.25,89.33,85.08,4.930395401,7.220384563,10.0,9.486111111,8.520833333,10.0,7.788563046,7.10869573,5.21644612,5.995025905,7.204704436,6.267198877,6.36,7.074281523,6.269
Trinidad and Tobago,71.81485,19.57673,171.8307,0.0169549999999999,0.00052,5.907769999999999,27.6,98.18496,1.34,0.77,18310.8,7.92,1.56,-6.36,4.731368885,5.944444444,10.0,8.616111111,8.729166667,6.666666667,6.920446388,5.595294029,4.542519459,9.051274803,7.841115334,6.61549302,6.73,6.825223194,6.168
Uruguay,77.06158,22.29529,113.9388,0.01175,0.000565,5.52664,27.4,99.32289,3.4,0.79,14238.1,2.91,10.32,7.41,6.641640406,8.408217822,10.0,8.47962963,9.357142857,10.0,8.296141806,6.839554695,5.362794124,8.971845842,7.793198184,6.815292504,7.16,7.728070903,6.545
Mexico,76.56378000000001,22.30824,126.6144,0.01249,0.0005099999999999,4.25065,28.0,98.88368,120.85,0.75,10123.9,2.89,1.27,-1.62,3.922635286,6.041886151,10.0,7.568888889,6.980011483,10.0,6.796020397,7.915761741,4.127169241,8.106594619,7.259592913,7.109701358,6.9,6.848010198,6.778
Nicaragua,75.48499,22.78766,145.8617,0.017305,0.000745,3.81148,27.2,81.50474,5.99,0.63,1626.85,1.39,2.25,0.87,3.767066422,8.295494493,8.333333333,7.912592593,7.047619048,6.875,6.432494726,7.990441176,4.450667177,9.100671988,7.81743925,7.002229453,7.27,6.851247363,5.992
Panama,78.02985,23.99669,110.9972,0.0141,0.00058,6.7007,26.9,95.97945,3.8,0.77,8410.77,2.79,2.94,0.15,4.385538748,8.710721255,10.0,8.361111111,8.300639622,9.25,7.715240074,7.363229284,5.241776593,9.696805181,8.696830031,6.902737679,7.58,7.647620037,6.701
Peru,75.86007,21.63352,124.0595,0.011885,0.000865,5.31141,26.7,90.58557,29.99,0.73,5684.73,2.28,3.97,1.69,4.715843781,8.245018486,10.0,8.225555556,8.205155728,9.375,7.720786695,6.97963564,4.765645671,9.704537846,8.226085566,7.488683492,7.43,7.575393347,5.743
Guatemala,73.22707,21.32992,161.6523,0.02369,0.00118,1.5933700000000002,26.6,93.72089,15.08,0.62,3233.8,1.89,0.99,-0.9,3.98767717,6.333333333,10.0,8.47,7.459933562,6.25,6.548245982,9.52848501,4.382490053,9.557483712,8.19393792,6.55007591,7.64,7.094122991,6.324
Honduras,75.17304,22.39087,145.0679,0.01652,0.0007,2.5430900000000003,26.8,94.28603,7.94,0.61,2269.51,1.68,1.77,0.09,3.194722841,5.939567336,8.333333333,8.731481481,7.964285714,7.5,6.386482597,8.532352941,3.435269824,9.2936517,7.217558726,6.824516794,7.06,6.723241298,4.871
Haiti,63.5098,17.68188,243.4574,0.053515,0.0043549999999999,2.72063,25.3,65.02301999999999,10.17,0.48,749.13,0.61,0.27,-0.34,3.582253733,7.75815154,10.0,8.392222222,8.226190476,6.875,7.184442588,8.430694021,2.500470609,7.216129446,7.504084903,6.886282485,6.51,6.847221294,4.028
Jamaica,76.00214,22.49724,131.3541,0.0152699999999999,0.000625,3.38245,27.8,90.61792,2.77,0.72,5226.3,1.89,0.43,-1.46,5.403823101,6.5,8.333333333,9.305555556,9.535714286,6.25,7.268416093,7.430473655,5.07420081,8.592263953,6.859851664,7.958677586,7.18,7.224208046,5.51
Costa Rica,79.56461,24.12729,96.74338,0.0079849999999999,0.00028,3.76539,27.3,99.69976,4.8,0.76,8979.96,2.84,1.53,-1.31,6.626877443,8.412669119,10.0,8.085185185,9.595238095,6.875,8.165428969,7.609154834,5.891154675,9.779738252,8.003561874,6.449130777,7.55,7.857714484,7.087
Dominican Republic,73.5313,21.9983,160.0898,0.025875,0.00133,5.54662,26.5,96.57637,10.28,0.71,6085.89,1.53,0.56,-0.97,4.352093305,7.809106013,6.666666667,8.487037037,8.869047619,7.5,6.942574962,7.833163855,4.03009461,9.47470033,7.945371294,6.617870998,7.18,7.061287481,5.155
Ecuador,76.47446,22.77073,114.1762,0.01821,0.00081,3.33882,27.3,93.68204,15.49,0.73,5192.88,2.17,2.2,0.03,4.258770863,9.045778617,10.0,7.803703704,7.94047619,10.0,7.550555359,5.666937811,3.809895071,8.254794016,6.499619559,6.046130988,6.06,6.80527768,5.976
Bolivia,71.49831,21.4342,182.2321,0.030695,0.0019649999999999,3.4127,26.6,92.1769,10.5,0.65,2253.09,2.96,16.73,13.77,3.051401851,8.437752282,10.0,8.428148148,8.416666667,10.0,7.206770015,6.162804536,3.632945402,9.386300221,6.987042221,4.975270619,6.23,6.718385007,5.822
Brazil,75.13705,21.67901,142.7784,0.01322,0.000405,6.33272,26.6,97.84798,198.66,0.75,13237.6,3.11,9.08,5.97,4.65167253,6.111004095,10.0,7.411851852,8.341230646,7.5,6.665977406,5.125270067,4.575175835,7.972060321,7.00029082,4.093309339,5.75,6.207988703,6.952
Canada,82.80972,25.67112,62.83084,0.0043,0.0002,8.1,26.9,99.41262,34.84,0.91,52145.4,8.17,16.01,7.83,7.738323946,9.762339236,10.0,9.003703704,9.511904762,9.25,9.151726642,6.024061309,7.875940077,9.579711993,7.929248443,8.514790596,7.98,8.565863321,7.404
Chile,79.51848000000001,23.44258,87.42916,0.0074099999999999,0.00028,7.7801,28.0,99.62218,17.46,0.83,14525.8,4.36,3.63,-0.73,6.516104054,8.979762178,10.0,9.265925926,9.154761905,5.0,8.216035341,7.880263385,6.42013942,9.331413421,8.268563035,7.098290007,7.8,8.00801767,6.705
Colombia,75.10618000000001,21.81515,137.1368,0.013175,0.00056,4.5383,26.2,96.96181,47.7,0.72,7305.22,1.87,3.6,1.72,4.422972598,5.452498485,8.333333333,8.740740741,8.452380952,10.0,7.021513273,6.859318215,3.819135946,7.973965074,6.810785115,7.044458518,6.5,6.760756637,6.481
United Arab Emirates,77.15633000000001,20.20214,73.95345,0.0068349999999999,0.00027,2.1706,28.4,97.40737,9.206,0.83,40817.4,7.93,0.56,-7.37,6.365951177,7.991936297,3.333333333,4.695925926,6.30952381,0.0,5.073350176,6.722602587,6.057111609,9.103967524,8.231247009,7.384832458,7.5,6.286675088,6.573
Bahrain,79.0638,21.72858,56.80696999999999,0.00643,0.00027,1.38638,24.8,100.0,1.32,0.82,24299.0,7.49,0.58,-6.91,5.900338722,8.006967709,6.666666667,7.461481481,4.130952381,3.333333333,6.136069994,8.317484908,5.265601627,9.404353401,7.403403472,7.415786274,7.56,6.848034997,6.218
Egypt,70.5431,16.85049,164.5883,0.01778,0.0008349999999999,0.1454099999999999,29.6,99.03286,80.72,0.69,2930.33,2.15,0.56,-1.59,3.626147505,5.808027923,1.666666667,3.733333333,6.46009916,0.0,3.894553773,6.066836516,3.944015342,8.149666078,5.617447238,4.818902452,5.72,4.807276886,4.362
Iran,75.7148,19.70895,80.13225,0.013285,0.00053,0.02344,26.1,95.20149,76.42,0.76,7511.1,2.79,0.9,-1.89,4.375717373,7.102284246,0.0,4.271851852,5.357636552,3.0,4.532449245,6.875951675,4.577433516,8.431335572,4.592143712,5.670160645,6.03,5.281224623,4.813
Tunisia,76.04694,20.06349,90.99689,0.01116,0.000475,1.52928,26.3,95.9924,10.88,0.72,4305.07,2.34,0.93,-1.4,4.757803695,7.562090498,8.333333333,6.457407407,8.017579553,4.166666667,6.577472244,5.805729204,5.276037704,7.061833002,6.911721762,6.389315893,6.29,6.433736122,5.045
Pakistan,66.52933,17.83512,159.0599,0.067965,0.003935,0.04576,23.9,91.14014,179.16,0.53,1218.6,0.79,0.35,-0.44,3.50506934,6.242516773,5.0,4.039259259,7.087699939,3.75,5.324592448,7.836437068,3.463300254,6.593266,5.826842798,6.290954337,6.0,5.662296224,5.132
Qatar,78.07074,20.93642,61.75961,0.007195,0.0002699999999999,1.04399,29.2,99.6298,2.05,0.85,99431.5,10.8,1.24,-9.56,6.54629556,8.560572432,3.333333333,4.690740741,6.964285714,0.0,5.525552977,6.537882662,6.235291357,8.679786673,7.648646029,8.336798605,7.49,6.507776488,6.375
Saudi Arabia,74.75218000000001,18.718020000000003,89.1287,0.011495,0.00047,0.07808,28.5,99.86361,28.29,0.83,23593.8,5.61,0.5,-5.12,5.914095317,7.442087098,0.0,3.214814815,5.782049842,0.0,4.438732069,5.35,5.186017585,9.020731753,5.900602321,7.139502889,6.52,5.479366035,6.379
Iraq,69.84565,18.80928,173.5001,0.0265149999999999,0.0014199999999999,0.16244,28.8,95.61298,32.78,0.65,5848.54,1.88,0.29,-1.59,2.464387305,3.96385016,0.0,5.327777778,5.261904762,0.0,3.11602762,5.248190078,2.774515098,7.258295299,5.239557906,6.475279949,5.4,4.25801381,4.575
Jordan,74.27773,19.25934,110.5425,0.01468,0.000595,0.31556,29.0,98.97105,7.01,0.75,4615.17,2.1,0.21,-1.89,5.798807684,7.984281664,6.666666667,6.333703704,6.595238095,3.333333333,6.238666517,7.586859201,4.756454971,9.618102308,7.579245331,7.771994872,7.46,6.849333258,5.303
Kuwait,74.78218000000001,17.88645,79.21947,0.0073849999999999,0.000295,0.00811,29.6,100.0,3.25,0.82,41830.5,8.13,0.55,-7.58,5.222398432,8.189148143,5.0,4.645925926,7.464285714,1.666666667,5.630574474,6.23731806,4.922444725,8.342265724,6.840410269,7.430758483,6.75,6.190287237,6.239
Lebanon,76.27683,19.84391,95.61637,0.005725,0.000245,1.27064,27.6,92.6,4.65,0.76,9143.86,3.84,0.33,-3.51,4.339724004,7.599723612,6.666666667,7.153703704,8.297619048,3.333333333,6.429994179,8.668506808,3.954385717,9.694505034,6.815739369,5.825303663,6.99,6.70999709,5.129
Libya,71.91326,18.32506,150.2959,0.011255,0.000575,0.0028699999999999,28.1,98.52895,6.16,0.74,5859.43,3.69,0.7,-3.0,2.198017505,5.27726086,5.0,6.938888889,4.845238095,0.833333333,3.880565623,4.75,3.206338892,5.659898222,4.76377485,5.301138017,4.74,4.310282812,5.615
Morocco,75.95964000000001,20.53799,69.05941999999999,0.0227199999999999,0.000965,0.4,26.0,86.63644000000001,32.52,0.62,3149.43,1.68,0.71,-0.96,4.19917084,8.390437218,8.333333333,4.429259259,7.297619048,3.333333333,5.986756512,5.930876255,5.401407689,7.216671133,6.931294938,6.350932975,6.37,6.178378256,5.151
Albania,76.37373000000001,20.76657,96.40514,0.01097,0.00037,4.66796,26.7,91.02037,3.16,0.73,4534.37,2.21,1.18,-1.03,5.291751647,8.80680981,6.666666667,9.192592593,8.607142857,6.25,7.596280576,7.935563809,5.071813726,9.55365739,8.21489951,6.906901139,7.54,7.568140288,4.655
Armenia,74.83788,19.5795,116.4358,0.0123299999999999,0.0003799999999999,3.82392,26.3,99.89854,2.97,0.73,3426.39,2.23,0.89,-1.35,5.003205353,8.830548737,6.666666667,6.222222222,7.154761905,8.0,6.912803602,7.003309536,5.809214965,9.521939951,8.143241004,7.378068688,7.57,7.241401801,4.36
Austria,81.87031,24.38125,61.88845,0.002595,0.00013,11.7,25.6,100.0,8.46,0.88,51274.1,6.06,3.07,-3.0,8.171748815,9.91263738,10.0,7.925185185,9.333333333,10.0,9.246948401,5.086294924,7.915986905,9.432829777,8.106732583,7.371334189,7.58,8.4134742,7.119
Azerbaijan,73.07719,18.94785,117.6489,0.02567,0.00091,3.05326,27.1,90.71031,9.31,0.75,7106.04,2.31,0.85,-1.46,4.270861177,8.667523503,5.0,5.461111111,4.70846197,6.25,5.676553478,5.175449013,5.652732259,7.513486983,7.216524628,6.874879541,6.49,6.083276739,5.291
Belgium,81.16279,24.05383,71.56111999999999,0.00305,0.0001799999999999,9.41591,26.1,100.0,11.06,0.89,48053.3,7.44,1.19,-6.25,7.751100945,9.345020809,10.0,8.131481481,9.75,9.25,8.987178587,3.875398037,7.066600168,9.377365846,8.201221562,8.102653904,7.32,8.153589293,6.929
Sweden,82.36343000000001,24.5538,52.43221,0.0021,0.0001,7.15,26.0,100.0,9.51,0.9,59381.9,7.25,10.62,3.38,8.539644459,9.854954616,10.0,8.884814815,9.726190476,8.75,9.334750298,3.620602928,7.816366289,9.34256119,8.198228523,8.230154625,7.44,8.387375149,7.291
Tajikistan,70.75986999999999,17.703470000000003,123.2559,0.03831,0.00155,0.85936,26.1,79.62585,8.01,0.62,836.17,0.91,0.53,-0.38,3.297263673,8.393621945,8.333333333,4.355555556,4.273809524,8.333333333,5.652324579,6.526173139,5.124943241,8.831414728,6.362292909,6.769223369,6.72,6.18616229,4.996
Turkey,76.38178,21.235570000000003,104.0207,0.01039,0.0004349999999999,1.37905,27.9,98.88087,74.0,0.76,10437.7,3.33,1.52,-1.81,3.974523246,7.51287008,10.0,4.494074074,3.962095697,9.25,6.092465309,6.576429967,4.778738645,9.012961525,7.217832757,6.629945973,6.84,6.466232654,5.389
Ukraine,72.49735,19.08329,180.0551,0.00865,0.000335,5.74131,26.6,93.72408,45.53,0.74,3589.63,2.84,2.27,-0.58,4.546373559,7.382567982,8.333333333,5.857777778,7.099239115,9.25,6.586270408,7.085854562,4.519291988,4.880977321,6.558300939,6.863745425,5.98,6.283135204,4.324
Serbia,76.3361,19.83144,102.5437,0.0049999999999999,0.00018,7.21473,26.1,85.52885,9.55,0.76,6426.18,2.7,1.25,-1.44,4.399686544,9.369652604,10.0,8.27037037,8.535714286,9.25,7.847943252,6.40835403,4.945954676,8.1473235,7.601756185,7.154502067,6.85,7.348971626,5.177
Slovakia,77.41844,21.33584,104.1125,0.0053,0.00025,9.91722,26.4,99.78751,5.45,0.84,18103.1,4.06,2.71,-1.35,6.275760683,9.360080152,10.0,7.727777778,9.297619048,9.25,8.536499891,5.589830582,5.587966843,9.468751955,8.282030666,7.575794336,7.3,7.918249946,6.078
Slovenia,80.91450999999999,23.69263,72.04058,0.00217,0.00015,10.51,26.6,99.53439,2.07,0.88,25040.5,5.81,2.35,-3.47,6.450622608,9.769114688,10.0,9.0,9.428571429,9.25,8.822791467,4.776774916,6.217592011,9.518350807,7.884030176,6.845229897,7.05,7.936395733,5.768
Netherlands,81.6328,23.97681,58.63288000000001,0.00283,0.0001349999999999,8.296489999999999,25.6,100.0,16.71,0.92,53589.9,5.28,1.17,-4.11,8.524550809,9.922564664,10.0,8.894444444,9.726190476,9.25,9.39884236,3.933138933,8.160260143,9.503556089,8.657087014,8.272654841,7.71,8.55442118,7.339
Norway,82.4763,24.71746,54.65812,0.00197,0.000105,6.03,26.7,100.0,4.99,0.94,100172.0,4.98,8.18,3.19,8.556487979,9.93142597,10.0,7.407407407,9.797619048,10.0,9.342481133,4.49513252,8.67833928,9.499277343,7.587806425,7.733422163,7.6,8.471240566,7.498
Poland,77.75282,21.81924,110.5996,0.00405,0.000185,10.42659,26.7,99.38385,38.21,0.84,13769.5,4.44,2.08,-2.36,6.382863045,9.743629357,10.0,6.345925926,8.619047619,9.25,8.353120455,5.624382422,5.559009928,9.647930249,7.913406255,7.586252704,7.27,7.811560227,5.835
Portugal,81.52627,24.485,75.56303,0.002045,0.0001149999999999,10.36621,25.6,99.90618,10.6,0.83,23217.3,3.88,1.51,-2.37,7.165608272,9.915208954,10.0,9.425555556,9.55952381,9.25,9.043712243,5.659946793,6.979123572,9.350852752,8.376487219,7.184642765,7.51,8.276856122,5.123
Romania,75.23626999999999,20.14625,134.8221,0.007605,0.000365,9.5705,26.9,100.0,21.76,0.79,9213.94,2.71,2.32,-0.39,6.328473866,9.833493166,10.0,7.877407407,9.0,9.25,8.653232499,6.833639275,6.040355698,9.34147173,8.441503074,7.77671259,7.69,8.171616249,5.528
Russia,71.86533,19.43105,202.6742,0.0073549999999999,0.000395,8.19835,26.2,96.96095,143.17,0.79,13320.2,5.69,6.79,1.1,3.995194231,7.531731593,3.333333333,4.596296296,6.146872462,9.25,5.714381665,6.712471159,4.962398878,9.103570417,6.838571472,6.534637242,6.83,6.272190833,5.856
Latvia,74.9902,20.65421,153.796,0.005605,0.000295,11.3,26.7,98.57478,2.06,0.81,13732.0,6.29,9.55,3.26,6.681684163,9.551688703,10.0,8.546296296,9.380952381,10.0,8.851068084,6.653293105,6.196792987,9.323349908,8.350138737,7.661097526,7.64,8.245534042,5.56
Moldova,71.49788000000001,17.55721,166.7539,0.014075,0.0005449999999999,7.22203,27.0,88.68506,3.51,0.68,1971.03,1.78,0.8,-0.98,4.451422898,8.685224302,8.333333333,6.046296296,7.369047619,10.0,7.059029525,6.499386736,4.337326557,7.98337132,7.458865245,6.905421487,6.64,6.849514762,5.897
Macedonia,75.85901,19.47153,95.82513,0.0083349999999999,0.000235,3.63089,26.8,93.15266,2.11,0.74,5174.89,3.26,1.51,-1.75,4.994404463,8.621539803,6.666666667,8.334814815,7.845238095,9.25,7.413658024,6.278313623,5.070281017,8.131423715,7.956208009,8.201781057,7.13,7.271829012,5.121
Montenegro,76.79796,20.22957,99.06138,0.00362,7e-05,8.96508,26.5,97.05335,0.62,0.8,7251.6,3.78,3.24,-0.54,5.103067796,8.858876513,10.0,8.887777778,5.229166667,9.0,7.630104133,6.926470588,4.923546896,8.267822773,8.161279127,6.938460069,7.04,7.335052066,5.161
Italy,82.77284,25.03695,53.52959,0.002575,0.0001149999999999,7.09557,25.6,99.4425,60.92,0.87,38412.0,4.61,1.08,-3.53,6.503838352,9.909671786,10.0,8.049259259,9.071428571,9.25,8.690446317,5.44787404,5.709202635,9.438703624,8.250625682,7.485950008,7.27,7.980223159,5.977
Kazakhstan,71.1448,17.67481,181.4808,0.009885,0.00031,3.55,26.4,95.04381,16.27,0.78,11278.0,5.55,3.41,-2.14,4.537932016,9.005172166,5.0,5.508888889,6.140106103,9.25,6.375675545,7.513578869,5.44835482,8.551346498,6.522959426,7.538105028,7.11,6.742837772,5.919
Kyrgyz Republic,71.40205,18.02906,162.3368,0.01839,0.00057,4.57125,26.6,87.42696,5.47,0.65,1116.37,1.91,1.3,-0.61,3.807027642,7.998438746,5.0,7.130555556,6.234615306,8.0,6.247012954,7.079276344,4.259098098,9.35947549,7.318966216,6.640485354,6.93,6.588506477,5.185
Lithuania,75.04082,20.68216,154.5404,0.00439,0.0002549999999999,13.38696,26.4,97.07375,3.03,0.83,14373.7,5.83,5.67,-0.17,6.79590086,9.300417808,10.0,8.472592593,9.5,10.0,8.821338926,7.233303802,6.499517474,9.340337377,8.191708434,8.035642881,7.86,8.340669463,5.813
Luxembourg,82.39915,24.69354,55.5008,0.00337,0.000105,11.23539,26.3,99.90687,0.52,0.89,114665.0,15.82,1.68,-14.14,7.897751196,9.904131225,10.0,9.140740741,9.678571429,9.25,9.257401822,4.169356156,8.350836767,9.310500088,8.309030967,7.870923216,7.6,8.428700911,6.871
Greece,81.16033,23.86235,66.41975,0.003095,0.00013,6.3650400000000005,27.1,100.0,11.12,0.86,25987.4,4.38,1.61,-2.77,5.789790663,8.872414211,10.0,7.324074074,8.738095238,6.75,7.94676815,4.379450297,5.778509815,8.037389926,7.678958625,6.434657332,6.46,7.203384075,5.033
Croatia,78.29281999999999,21.46525,87.5144,0.003355,0.0002399999999999,10.38961,27.4,99.58675,4.31,0.82,14522.8,3.92,2.8,-1.12,5.700537868,9.860715403,10.0,8.051481481,8.607142857,10.0,8.456175752,4.68388754,5.479351478,9.136323654,8.188139185,7.287616394,6.96,7.708087876,5.488
Hungary,75.97804000000001,20.11714,125.8381,0.004415,0.0001899999999999,11.28316,27.3,99.97081,9.98,0.82,13964.2,2.92,2.17,-0.75,5.439017665,9.554416221,10.0,7.284444444,8.821428571,10.0,8.258945773,4.890497079,5.919262708,9.710533115,7.953706122,7.632667959,7.22,7.739472887,5.145
Ireland,81.53663,24.09103,62.38533,0.00248,0.000105,11.21677,27.5,97.38348,4.58,0.91,52853.6,5.57,3.73,-1.83,7.614721658,9.708610774,10.0,9.082962963,9.5,10.0,8.939129404,6.312110986,7.720957247,9.255335231,8.599206441,8.46591351,8.07,8.504564702,6.907
Israel,82.29099000000001,24.74195,57.98429,0.00295,0.000175,2.69426,27.3,100.0,7.64,0.89,33718.9,6.22,0.35,-5.87,6.790677923,9.170163569,1.666666667,5.931481481,7.948909543,10.0,7.544916142,6.252382111,6.158069038,9.399942105,8.211971513,7.411094704,7.49,7.517458071,7.267
Spain,83.07911999999999,25.38623,55.787780000000005,0.00251,0.00013,10.80005,25.9,99.92651,46.76,0.87,32008.7,3.67,1.25,-2.42,7.01186382,9.636610285,10.0,7.996666667,9.214285714,9.25,8.758213764,6.019536903,6.803471355,9.488977918,8.050140688,7.426611809,7.56,8.159106882,6.361
Estonia,77.76205999999999,22.23481,118.5542,0.00276,0.000245,15.95026,26.4,99.71165,1.29,0.85,17304.4,6.86,10.53,3.67,7.801085558,9.574248415,10.0,8.32962963,9.619047619,9.25,9.013701218,5.883723858,7.441601876,9.326665307,8.434307747,8.201249995,7.86,8.436850609,5.517
Finland,81.44721,24.23781,70.18185,0.00179,0.00011,8.44,25.9,100.0,5.41,0.88,50960.2,5.87,13.44,7.57,8.639248324,9.810964083,10.0,7.901481481,9.666666667,9.25,9.294367917,4.151079924,8.79818106,9.36055112,8.232926712,7.717924071,7.65,8.472183958,7.413
France,82.94601999999999,25.91816,70.98227,0.0030399999999999,0.000145,11.74,25.0,100.0,63.98,0.89,45430.3,5.14,3.11,-2.04,6.771264767,9.69446546,10.0,7.253703704,9.25,10.0,8.766802927,4.220057943,6.922031615,9.480112303,8.178051059,7.458613785,7.25,8.008401464,6.478
United Kingdom,81.4325,24.24861,66.6791,0.003635,0.000195,9.6941,27.1,100.0,63.03,0.9,40980.5,4.94,1.32,-3.62,7.716556989,9.832564275,10.0,7.585555556,9.25,9.25,8.995835872,5.664386473,7.849331943,9.843565028,8.439080331,8.225900955,8.0,8.497917936,6.725
Georgia,72.58357,18.33282,159.9033,0.009925,0.000315,7.51197,27.6,98.17055,4.36,0.75,3710.7,1.58,1.17,-0.41,5.385816218,8.670315227,8.333333333,7.160740741,8.630952381,8.0,7.576535507,7.53387218,6.314021643,9.222802318,8.563136369,8.487127074,8.02,7.798267753,4.252
Czech Republic,79.16503,22.11254,81.13068,0.002275,0.000135,12.93089,27.1,99.88017,10.66,0.87,21676.3,5.19,2.46,-2.73,7.786692219,9.91705185,10.0,7.764444444,9.523809524,9.25,9.029761414,5.770091097,6.304648234,9.386717032,8.234566268,8.08906282,7.56,8.294880707,6.596
Germany,81.00278,23.64112,68.68589,0.002545,0.000135,10.93078,26.6,100.0,82.8,0.91,46822.4,5.3,2.27,-3.02,8.303209527,9.815587729,10.0,7.697777778,9.357142857,10.0,9.235191378,5.480871153,7.438694666,9.479673116,8.048442496,7.986439656,7.69,8.462595689,6.994
Denmark,81.24531,23.78518,65.03622,0.003185,0.000125,9.51005,25.3,100.0,5.6,0.92,61413.6,5.51,4.78,-0.73,8.687100828,9.858379683,10.0,7.702222222,9.69047619,10.0,9.325639969,4.134149451,8.077531163,9.863601232,8.461507677,8.320588298,7.77,8.547819985,7.526
Bulgaria,74.84309,19.76121,135.3411,0.00756,0.00036,11.47825,26.4,99.14818,7.28,0.78,7615.28,3.32,2.86,-0.46,4.891372196,9.846657127,10.0,7.138888889,8.821428571,9.25,8.155539077,7.023392636,4.831211352,9.439348667,8.122354972,7.612747996,7.41,7.782769538,4.217
Bosnia and Herzegovina,77.28514,20.66318,92.02609,0.00583,0.0002,4.81186,25.8,96.15126,3.83,0.73,4708.85,3.12,1.63,-1.49,5.470080395,8.941062682,6.666666667,8.515185185,8.654761905,9.25,7.861447145,5.358630085,4.134907779,8.315905677,7.784776849,7.413612448,6.6,7.230723572,5.163
Belarus,74.15955,19.58284,160.5829,0.00286,0.000245,9.70203,26.6,96.47418,9.4,0.8,6300.45,5.09,3.64,-1.45,5.128924941,9.188711522,3.333333333,5.153333333,5.80952381,8.0,6.059028163,6.761446145,5.525957318,5.332776772,7.175739042,6.37724484,6.23,6.144514082,5.802
Switzerland,83.26371,25.45412,49.20185,0.00356,0.00011,9.51001,25.2,100.0,8.0,0.93,88506.2,5.79,1.3,-4.48,8.249290426,9.650707897,10.0,8.188518519,9.666666667,9.25,9.185518099,7.42556634,8.497326383,9.922186836,7.636967263,8.475246512,8.39,8.78775905,7.509
Cyprus,80.70889,22.83687,55.41083,0.002125,0.0001149999999999,9.59394,26.8,99.6132,1.13,0.85,31454.7,4.21,0.34,-3.87,6.327701936,9.685217644,10.0,7.159259259,9.452380952,10.0,8.514393916,7.31398142,5.937152237,9.489785988,8.283055903,7.547740368,7.71,8.112196958,5.546
Bangladesh,72.65925,19.64039,130.232,0.0283649999999999,0.00155,0.0040799999999999,21.7,96.88253,154.7,0.56,857.5,0.72,0.38,-0.35,3.132892486,7.587379567,5.0,5.933333333,7.041990115,1.25,5.302600358,8.545118177,3.234259181,6.983616746,6.039372579,6.690103383,6.3,5.801300179,4.643
Bhutan,70.56942,20.66238,206.9694,0.028375,0.001455,0.01633,23.9,97.20763,0.74,0.59,2395.0,4.84,5.27,0.43,5.925574544,8.849427826,5.0,7.257777778,7.25,3.75,6.600972815,7.461619694,6.871067334,6.72091122,6.332537979,7.701471606,7.02,6.810486407,5.196
Indonesia,69.30530999999999,16.6579,175.6083,0.0217,0.00107,0.08488,23.1,88.65653,246.86,0.68,3688.53,1.58,1.26,-0.32,4.077098305,8.930331429,6.666666667,3.854074074,7.523809524,6.25,6.38131246,7.81093993,4.883138286,9.683353617,6.997110677,6.429415347,7.16,6.77065623,5.314
India,68.82571999999999,18.01512,178.0385,0.03682,0.002235,2.96659,21.8,91.85928,1236.69,0.6,1513.85,1.16,0.45,-0.71,4.320439849,7.432355452,6.666666667,5.488888889,7.921169544,5.5,6.195871335,7.719442848,5.156629041,8.199784181,5.572692843,6.497381642,6.63,6.412935668,4.404
Sri Lanka,75.33485,20.80904,131.4098,0.00834,0.00036,2.64911,23.1,88.83598,21.1,0.75,2880.03,1.32,0.44,-0.88,4.518644917,8.436581039,6.666666667,6.876296296,7.226190476,1.75,6.040721833,8.26106118,4.926880553,6.494747822,5.891036906,6.884430365,6.49,6.265360917,4.415
Myanmar,66.80213,16.85373,194.9528,0.040935,0.00284,1.60395,22.6,80.84425999999999,52.8,0.53,1117.58,1.43,1.84,0.41,2.976381536,8.103918555,1.666666667,6.346296296,7.544895499,4.375,5.463360869,6.297058824,3.545876002,6.480574507,4.967560927,5.807434505,5.42,5.441680434,4.395
Nepal,70.20618,17.60933,150.6497,0.029875,0.0016,0.29265,22.5,88.34640999999999,27.47,0.54,700.07,0.98,0.59,-0.38,4.300731416,9.256317317,8.333333333,5.187777778,6.702380952,10.0,6.91161139,7.916691709,4.608534674,6.43556234,6.635041574,7.05139505,6.53,6.720805695,4.793
Thailand,75.47385,22.08884,147.4164,0.010455,0.000415,6.57,24.4,99.3738,66.78,0.72,5479.29,2.66,1.24,-1.42,4.286364947,8.66305117,8.333333333,7.255925926,7.15782646,4.375,6.399562601,6.642645685,4.741393669,8.637097548,7.108491873,7.100074303,6.85,6.624781301,6.474
Australia,82.90018,25.61238,60.725280000000005,0.003385,0.000165,9.79,27.1,99.96997,23.05,0.93,66604.2,9.31,16.57,7.26,7.77627878,9.873961805,10.0,9.075925926,9.392857143,9.25,9.184438453,6.544178144,7.919018594,9.452540278,7.526720988,8.465525923,7.98,8.582219227,7.313
China,76.38920999999999,19.85725,80.35584,0.0084149999999999,0.00035,5.63286,23.8,92.30405,1408.04,0.72,5560.94,3.38,0.94,-2.44,4.704818051,7.528647392,3.333333333,3.666296296,5.174910149,9.25,5.350820339,5.039010659,5.650259343,8.542426794,6.708857694,6.358063353,6.46,5.905410169,5.245
Vietnam,76.33917,22.68693,124.7509,0.017595,0.00108,3.12507,21.9,93.99012,90.8,0.66,1532.31,1.65,1.0,-0.65,4.91207109,8.630880895,3.333333333,5.895925926,5.843436781,9.25,5.9680076,7.607352941,5.060821486,6.46894336,6.27620744,6.701358455,6.42,6.1940038,5.061
Philippines,69.3147,17.58233,193.8597,0.021765,0.00144,4.52845,23.2,93.07372,96.71,0.66,2379.44,1.1,0.54,-0.56,3.436584998,6.842192772,8.333333333,8.490740741,8.204248444,6.25,6.497526694,8.498841962,4.27826495,9.422637738,7.127270701,7.369833084,7.34,6.918763347,5.279
Singapore,82.94685,25.03369,51.36488,0.002085,0.00014,1.83685,23.6,100.0,5.3,0.91,53122.4,7.97,0.05,-7.92,7.683405599,9.401703386,8.333333333,6.114814815,6.133315738,8.0,7.479423635,7.919425783,8.22709857,9.761728956,9.291176661,8.980598133,8.84,8.159711817,6.739
Mongolia,69.80354,17.27222,210.7092,0.0148449999999999,0.000615,6.89982,26.2,82.80058000000001,2.8,0.71,3736.07,6.08,15.66,9.58,5.251542395,8.912543798,10.0,8.584814815,8.238095238,9.25,7.998312553,7.999648709,5.554938942,9.38778724,6.780282764,7.2582965,7.4,7.699156277,4.907
Malaysia,75.27525,19.93296,122.8846,0.00691,0.000295,0.58616,25.7,96.72462,29.24,0.77,10252.6,3.71,2.41,-1.3,5.42152405,8.599348146,5.0,3.93,6.797619048,4.25,5.902979954,6.86283807,5.760370476,5.792303901,7.537110669,8.622790943,6.92,6.411489977,6.005
New Zealand,82.24739,25.29202,66.05728,0.003975,0.000235,9.01749,28.0,100.0,4.46,0.91,37488.3,5.6,10.14,4.54,7.868546129,9.868614098,10.0,9.731481481,9.523809524,9.25,9.284819157,6.476854205,8.715280315,9.455371519,8.635970884,9.159782185,8.49,8.887409579,7.334
Japan,84.16615999999999,26.39402,50.82619,0.00198,0.000195,6.81588,22.7,98.97,127.25,0.89,46201.6,5.02,0.72,-4.3,7.643490079,9.678364609,10.0,8.092592593,9.19047619,9.25,8.73377055,4.535267724,7.586986576,9.524658793,7.495838941,8.19699977,7.47,8.101885275,5.921
Cambodia,69.36723,17.3671,170.497,0.0276,0.0011099999999999,3.50125,22.2,76.94537,14.86,0.55,877.64,1.21,1.09,-0.11,2.566741147,9.587538771,10.0,8.272592593,7.892857143,8.333333333,7.238448286,7.897866967,4.277906502,9.308534101,7.324052439,7.061529101,7.17,7.204224143,3.907
South Korea,82.66409,25.26966,60.81405,0.002955,0.000125,8.686,23.8,99.6754,49.0,0.89,24155.8,5.69,0.68,-5.01,7.438182909,9.462073664,8.333333333,9.353333333,8.976190476,9.25,8.766349858,6.826429472,6.391153586,9.609132499,7.569456911,7.243194392,7.53,8.148174929,5.835
Laos,65.79089,16.83024,192.7939,0.051895,0.00399,7.11148,22.9,79.9419,6.65,0.56,1236.24,1.22,1.62,0.4,3.953482175,8.303656159,5.0,6.731111111,5.761904762,10.0,5.863586171,7.840112728,5.93720088,7.335898763,6.830397459,6.590032884,6.91,6.386793085,4.876
